name,teams,matches,runs,bat_avg,wickets,bowl_avg
V R Aaron,"DDV, RCB, KXI, RRO, GTI",52,50,10.00,44,33.66
K J Abbott,KXI,5,13,13.00,2,88.50
S A Abbott,"RCB, SUN",3,22,7.33,1,104.00
Abdul Samad,"SUN, LSG",71,857,19.48,2,62.50
Y A Abdulla,KXI,11,0,,15,20.47
Abdur Razzak,RCB,1,0,,0,
Abhishek Sharma,"DDV, SUN",92,2379,29.37,11,50.00
L Ablish,KXI,3,0,,3,25.00
A B Agarkar,"KKR, DDV",42,179,17.90,29,39.69
M A Agarwal,"RCB, DDV, RPS, KXI, SUN",131,2756,22.97,0,
S Agarwal,GUJ,1,0,,1,42.00
A N Ahmed,"MIN, RCB",17,36,36.00,12,40.75
K K Ahmed,"SUN, DDV, CSK",76,2,0.40,91,27.19
Akash Deep,"RCB, LSG",14,25,8.33,10,54.80
Akash Singh,"RRO, CSK, LSG",12,0,,13,31.23
B Akhil,"RCB, KTK",15,76,12.67,6,40.33
F A Allen,"KXI, MIN",5,14,7.00,2,68.00
F H Allen,KKR,11,349,34.90,0,
Aman Hakim Khan,"KKR, DDV, CSK",12,115,12.78,0,
P Amarnath,CSK,6,0,,7,33.71
H M Amla,KXI,16,577,44.38,0,
Anand Rajan,"DCH, SUN",9,15,15.00,9,25.44
C J Anderson,"MIN, DDV, RCB",30,538,24.45,11,47.09
Angkrish Raghuvanshi,KKR,35,885,34.04,0,
Anirudh Singh,DCH,5,63,15.75,0,
S Anirudha,"CSK, SUN",20,136,17.00,0,
Ankit Sharma,"DCH, SUN, RRO, RPS",21,72,12.00,11,38.36
Ankit Soni,GUJ,7,7,3.50,2,58.50
Anmolpreet Singh,"MIN, SUN",9,139,15.44,0,
Z Ansari,SUN,10,0,,6,55.50
Anshul Kamboj,"MIN, CSK",25,74,24.67,31,26.32
Anuj Rawat,"RRO, RCB, GTI",24,318,19.88,0,
Anureet Singh,"KKR, KXI, RRO",23,36,9.00,18,34.61
K P Appanna,RCB,14,2,2.00,9,31.78
S Aravind,RCB,38,59,14.75,45,23.09
J C Archer,"RRO, MIN",68,326,13.04,84,25.73
S Arora,SUN,14,156,22.29,0,
V G Arora,"KXI, KKR",43,10,2.50,47,29.91
Arshad Khan,"MIN, LSG, GTI",27,147,21.00,18,38.50
Arshdeep Singh,KXI,96,32,5.33,111,28.03
Arshin Kulkarni,LSG,4,26,6.50,0,
K B A Arun Karthik,"CSK, RCB",17,51,10.20,0,
J Arunkumar,RCB,3,23,7.67,0,
A Ashish Reddy,"DCH, SUN",31,280,18.67,18,22.00
Ashutosh Sharma,"KXI, DDV",32,564,29.68,0,
M Ashwin,"RPS, RCB, KXI, MIN, RRO",44,35,3.89,35,33.20
R Ashwin,"CSK, RPS, KXI, DDV, RRO",221,833,13.02,187,30.22
K M Asif,"CSK, RRO",7,0,0.00,7,33.00
S A Asnodkar,RRO,20,423,21.15,0,
Avesh Khan,"RCB, DDV, LSG, RRO",83,68,17.00,93,29.40
P Awana,KXI,33,5,2.50,39,26.38
Ayush Mhatre,CSK,13,441,33.92,0,
Azhar Mahmood,"KXI, KKR",23,388,20.42,29,24.14
Azmatullah Omarzai,"GTI, KXI",19,151,15.10,15,37.87
A Badoni,LSG,66,1178,25.61,4,15.75
S Badree,"RRO, CSK, RCB",12,13,2.60,11,29.00
S Badrinath,CSK,95,1441,30.66,0,
G J Bailey,"CSK, KXI, RPS",40,663,24.56,0,
J M Bairstow,"SUN, KXI, MIN",52,1674,34.88,0,
L Balaji,"CSK, KKR, KXI",73,36,4.50,76,26.68
S B Bangar,"DCH, KKR",12,49,7.00,4,54.75
T Banton,"KKR, GTI",2,18,9.00,0,
A B Barath,KXI,3,42,21.00,0,
T Baroka,GUJ,1,0,,0,
X C Bartlett,KXI,13,40,20.00,7,69.14
Basil Thampi,"GUJ, SUN, MIN",25,32,32.00,22,38.45
P A Basith,RRO,1,1,,0,
R A Bawa,"KXI, MIN",8,35,11.67,2,25.00
A R Bawne,DDV,1,12,,0,
F Behardien,KXI,3,14,7.00,0,
J P Behrendorff,MIN,17,6,,19,29.05
J G Bethell,RCB,9,163,18.11,0,
M Bhandage,RCB,1,1,1.00,0,
K S Bharat,"RCB, DDV",10,199,28.43,0,
R Bhatia,"DDV, KKR, RRO, RPS",95,342,11.40,71,28.46
R R Bhatkal,RCB,1,0,0.00,0,
B A Bhatt,KXI,17,6,6.00,12,33.08
R K Bhui,"SUN, DDV",4,10,2.50,0,
A A Bilakhia,DCH,7,69,13.80,0,
S W Billings,"DDV, CSK, KKR",30,503,19.35,0,
S T R Binny,"MIN, RRO, RCB",95,880,19.13,22,34.45
Bipul Sharma,"KXI, SUN",33,187,23.38,17,33.65
U A Birla,PWI,2,7,7.00,0,
T R Birt,DDV,5,75,15.00,0,
R Bishnoi,RCB,3,19,6.33,0,
M S Bisla,"KXI, KKR, RCB",39,798,21.00,0,
A C Blizzard,MIN,7,120,17.14,0,
S M Boland,RPS,2,0,,2,27.00
D E Bollinger,CSK,27,21,21.00,37,18.73
S E Bond,KKR,8,1,1.00,9,24.89
R S Bopara,"KXI, SUN",24,531,29.50,11,26.55
C Bosch,MIN,9,97,32.33,13,19.23
R R Bose,KXI,1,0,,0,
J Botha,"RRO, DDV, KKR",34,409,20.45,25,32.00
M V Boucher,"RCB, KKR",31,394,28.14,0,
T A Boult,"SUN, KKR, DDV, MIN, RRO",125,93,9.30,145,27.14
BR Sharath,GTI,1,2,2.00,0,
D A J Bracewell,DDV,1,12,,3,10.67
M G Bracewell,RCB,5,58,29.00,6,15.83
C R Brathwaite,"DDV, SUN, KKR",16,181,13.92,13,29.15
D J J Bravo,"MIN, CSK, GUJ",161,1560,22.61,183,23.83
D M Bravo,KKR,1,6,,0,
M P Breetzke,LSG,1,14,14.00,0,
D Brevis,"MIN, CSK",27,606,25.25,1,8.00
H C Brook,SUN,11,190,21.11,0,
J J Bumrah,MIN,158,76,9.50,187,23.75
N Burger,RRO,19,14,14.00,21,27.86
J C Buttler,"MIN, RRO, GTI",138,4646,39.71,0,
A T Carey,DDV,3,32,16.00,0,
K C Cariappa,"KKR, KXI",11,24,8.00,8,43.50
L A Carseldine,RRO,5,81,20.25,1,6.00
Y S Chahal,"MIN, RCB, RRO, KXI",188,37,5.29,233,23.25
D L Chahar,"RPS, CSK, MIN",103,142,14.20,96,29.81
R D Chahar,"RPS, MIN, KXI, SUN, CSK",80,129,8.06,75,29.28
P V D Chameera,"LSG, KKR, DDV",20,53,13.25,13,47.77
U B T Chand,"DDV, RRO, MIN",21,300,15.00,0,
S Chanderpaul,RCB,3,25,8.33,0,
A Chandila,RRO,12,4,,11,22.00
A A Chavan,RRO,13,12,6.00,8,40.75
P P Chawla,"KXI, KKR, CSK, MIN",192,624,11.14,192,26.60
B Chipli,"RCB, DCH, DDV",23,280,18.67,0,
S D Chitnis,"MIN, RRO, KXI",11,99,14.14,2,30.00
A Chopra,KKR,7,53,8.83,0,
P Chopra,RRO,2,8,8.00,0,
A V Choudhary,RCB,5,25,25.00,5,28.80
M D Choudhary,LSG,10,170,28.33,0,
D T Christian,"DCH, RCB, RPS, DDV",49,460,14.38,38,31.37
M J Clarke,PWI,6,98,16.33,2,33.50
G Coetzee,"MIN, GTI",14,31,5.17,15,31.47
P D Collingwood,DDV,8,203,40.60,5,20.20
C Connolly,KXI,14,491,44.64,0,
D P Conway,CSK,29,1080,43.20,0,
K Cooper,RRO,25,116,12.89,33,22.94
S S Cottrell,KXI,6,0,0.00,6,29.33
N M Coulter-Nile,"MIN, DDV, KKR, RRO",39,82,7.45,48,22.92
P J Cummins,"KKR, DDV, SUN",80,642,19.45,87,30.80
S M Curran,"KXI, CSK",64,997,24.93,59,34.46
T K Curran,"KKR, RRO, DDV",13,127,25.40,13,33.08
B C J Cutting,"RRO, SUN, MIN",21,238,21.64,10,42.90
M J Dagar,"SUN, RCB",8,0,0.00,2,101.50
C J Dala,DDV,1,0,,0,
M K P A Dananjaya,MIN,1,4,,0,
D B Das,KKR,31,304,21.71,0,
H Das,DCH,1,2,2.00,0,
T H David,"RCB, MIN",66,1151,32.89,0,
Y Dayal,"GTI, RCB",43,4,1.33,41,33.90
C de Grandhomme,"KKR, RCB",25,303,18.94,6,55.50
Q de Kock,"SUN, DDV, RCB, MIN, LSG, KKR",118,3441,31.28,0,
M de Lange,"KKR, MIN",5,1,1.00,5,33.80
A B de Villiers,"DDV, RCB",184,5162,39.71,0,
J L Denly,KKR,1,0,0.00,0,
T U Deshpande,"DDV, CSK, RRO",53,54,13.50,55,33.78
K H Devdhar,DCH,1,0,,0,
P Dharmani,KXI,1,0,,0,
R Dhawan,"MIN, KXI",39,210,19.09,25,35.64
S Dhawan,"DDV, MIN, DCH, SUN, KXI",222,6769,35.26,4,16.50
M S Dhoni,"CSK, RPS",278,5439,38.30,0,
Y V Dhull,DDV,4,16,5.33,0,
Digvesh Rathi,LSG,23,3,3.00,19,43.47
T M Dilshan,"DDV, RCB",52,1153,26.81,5,69.60
A B Dinda,"KKR, DDV, PWI, RCB, RPS",78,26,2.60,69,30.04
P Dogra,"RRO, KXI, KKR",13,127,11.55,0,
A P Dole,RRO,3,34,17.00,5,22.40
N D Doshi,"RCB, RRO",4,0,0.00,2,39.50
R Dravid,"RCB, RRO",89,2174,28.23,0,
F du Plessis,"CSK, RPS, RCB, DDV",154,4773,35.10,0,
D du Preez,RCB,2,10,10.00,4,14.00
S Dube,"RCB, RRO, CSK",92,2129,31.31,6,46.17
H S Dubey,SUN,11,13,6.50,13,25.08
P Dubey,"DDV, KXI",5,23,23.00,2,55.50
S R Dubey,KKR,4,4,,5,21.20
J A Duffy,RCB,6,0,,9,29.22
J-P Duminy,"MIN, DCH, DDV",83,2029,39.78,23,36.26
B R Dunk,MIN,3,40,13.33,0,
B J Dwarshuis,KXI,1,0,,1,51.00
E R Dwivedi,GUJ,4,24,12.00,0,
F H Edwards,DCH,6,4,4.00,5,30.80
N Ellis,"KXI, CSK",17,19,4.75,19,28.74
Eshan Malinga,SUN,22,7,7.00,33,22.58
J P Faulkner,"PWI, KXI, RRO, GUJ",60,527,21.08,59,30.14
F Y Fazal,RRO,12,183,18.30,0,
Fazalhaq Farooqi,"SUN, RRO",12,5,,6,72.83
C J Ferguson,PWI,9,98,16.33,0,
L H Ferguson,"RPS, KKR, GTI, RCB, KXI",52,72,24.00,52,32.13
C R D Fernando,MIN,10,4,,17,17.53
D Ferreira,"RRO, DDV",18,326,27.17,1,41.00
A J Finch,"RRO, DDV, PWI, SUN, MIN, GUJ, KXI, RCB, KKR",92,2091,25.19,1,67.00
S P Fleming,CSK,10,196,21.78,0,
A Flintoff,CSK,3,62,31.00,2,52.50
J E C Franklin,MIN,20,327,29.73,9,24.22
J Fraser-McGurk,DDV,15,385,25.67,0,
Gagandeep Singh,KXI,4,0,,3,47.00
R D Gaikwad,CSK,85,2839,38.36,0,
G Gambhir,"DDV, KKR",154,4217,31.01,0,
C Ganapathy,CSK,1,0,,0,
S C Ganguly,"KKR, PWI",59,1349,25.45,10,36.30
P K Garg,"SUN, DDV",23,273,15.17,0,
G H S Garton,RCB,5,2,2.00,3,45.00
C M Gautam,"DDV, MIN",13,169,16.90,0,
R S Gavaskar,KKR,2,2,2.00,0,
C H Gayle,"KKR, RCB, KXI",142,4965,39.72,18,40.50
B Geeves,DDV,2,0,,1,91.00
A M Ghazanfar,MIN,11,2,,15,25.93
A N Ghosh,KKR,2,7,3.50,0,
R Ghosh,CSK,1,0,,1,24.00
H H Gibbs,"DCH, MIN",36,886,27.69,0,
A C Gilchrist,"DCH, KXI",80,2069,27.22,1,0.00
R J Gleeson,"CSK, MIN",3,2,,2,55.00
Y Gnaneswara Rao,KTK,2,19,19.00,0,
K Goel,KXI,22,218,14.53,0,
R V Gomez,"KTK, PWI",13,50,10.00,5,25.80
M Gony,"CSK, DCH, KXI, GUJ",44,99,9.90,37,34.78
S Gopal,"MIN, RRO, SUN, CSK",52,180,12.86,52,25.90
S P Goswami,"RCB, KKR, RRO, SUN",31,293,14.65,0,
K Gowtham,"RRO, KXI, LSG",36,247,13.72,21,38.48
R Goyal,MIN,1,0,,0,
C Green,"MIN, RCB, KKR",43,1029,38.11,23,39.04
C J Green,KKR,1,0,,0,
Gulbadin Naib,DDV,2,19,19.00,0,
M J Guptill,"MIN, KXI, SUN",13,270,22.50,0,
Gurjapneet Singh,CSK,8,0,,4,58.25
Gurkeerat Singh,"KXI, RCB",41,511,21.29,5,19.40
H F Gurney,KKR,8,1,,7,34.00
Gurnoor Brar,"KXI, GTI",1,0,,0,
B J Haddin,KKR,1,18,18.00,0,
A D Hales,SUN,6,148,24.67,0,
P S P Handscomb,RPS,2,6,6.00,0,
R Hangargekar,CSK,2,0,,3,20.00
Harbhajan Singh,"MIN, CSK, KKR",163,833,15.72,150,26.97
Harmeet Singh,"DCH, KXI",27,18,4.50,26,26.81
Harmeet Singh,RRO,1,0,,1,34.00
Harpreet Brar,KXI,51,249,20.75,37,30.95
Harpreet Singh Bhatia,"KKR, PWI, KXI",9,123,17.57,0,
D J Harris,DCH,4,111,27.75,0,
R J Harris,"DCH, KXI",37,117,9.75,45,23.27
S M Harwood,RRO,3,9,,3,24.33
J W Hastings,"CSK, KKR",3,0,,3,22.00
M L Hayden,CSK,32,1107,36.90,0,
J R Hazlewood,"CSK, RCB",52,19,19.00,72,23.47
T M Head,"RCB, SUN",53,1556,32.42,3,40.00
T Henderson,RRO,2,11,5.50,1,40.00
B E Hendricks,KXI,7,1,1.00,9,26.11
M C Henriques,"KKR, DDV, RCB, SUN, KXI",62,1000,27.78,42,30.69
M J Henry,"KXI, LSG, CSK",9,7,3.50,4,77.75
S O Hetmeyer,"RCB, DDV, RRO",94,1560,27.37,0,
B W Hilfenhaus,CSK,17,0,,22,21.77
Himmat Singh,LSG,9,92,30.67,0,
P P Hinge,SUN,7,3,3.00,14,21.79
B J Hodge,"KKR, KTK, RRO",66,1400,33.33,17,17.82
G B Hogg,"RRO, KKR",21,22,7.33,23,24.78
J O Holder,"CSK, SUN, KKR, LSG, RRO, GTI",57,324,12.46,70,25.01
D J Hooda,"RRO, SUN, KXI, LSG, CSK",125,1496,17.60,10,54.60
S D Hope,DDV,9,183,22.88,0,
J R Hopes,"KXI, DDV",21,417,26.06,14,39.14
A J Hosein,"SUN, CSK",8,21,,9,26.44
D J Hussey,"KKR, KXI, CSK",64,1322,26.98,8,59.25
M E K Hussey,"CSK, MIN",59,1977,38.76,0,
Imran Tahir,"DDV, RPS, CSK",59,33,8.25,82,20.77
B Indrajith,KKR,3,21,7.00,0,
J P Inglis,"KXI, LSG",16,544,38.86,0,
C A Ingram,DDV,15,205,17.08,0,
Iqbal Abdulla,"KKR, RRO, RCB",49,88,44.00,40,27.73
Ishan Kishan,"GUJ, MIN, SUN",134,3600,30.51,0,
S S Iyer,"DDV, KKR, KXI",147,4229,35.84,0,
V R Iyer,"KKR, RCB",69,1677,31.64,3,47.67
W G Jacks,"RCB, MIN",28,602,27.36,10,31.40
S P Jackson,KKR,9,61,10.17,0,
D J Jacobs,MIN,7,92,13.14,0,
R A Jadeja,"RRO, KTK, CSK, GUJ",268,3526,29.14,180,30.36
K M Jadhav,"DDV, KTK, RCB, CSK, SUN",95,1208,22.37,0,
W Jaffer,RCB,8,130,16.25,0,
N Jagadeesan,"CSK, KKR",13,162,18.00,0,
I R Jaggi,"DCH, KKR",7,76,15.20,0,
Y B K Jaiswal,RRO,83,2593,33.68,0,
S B Jakati,"CSK, RCB, GUJ",59,28,28.00,47,30.87
K A Jamieson,"RCB, KXI, DDV",15,77,15.40,16,31.63
D Jansen,MIN,1,0,,1,53.00
M Jansen,"MIN, SUN, KXI",48,192,12.80,45,36.27
Jaskaran Singh,DCH,8,8,8.00,6,28.50
S T Jayasuriya,MIN,30,768,27.43,13,28.54
D P M D Jayawardene,"KXI, KTK, DDV",80,1802,28.60,0,
A A Jhunjhunwala,"RRO, PWI, DCH",21,217,16.69,1,129.00
Joginder Sharma,CSK,16,36,9.00,12,35.83
M G Johnson,"MIN, KXI, KKR",54,160,12.31,61,27.92
S H Johnson,"GTI, KKR, CSK",12,8,8.00,7,56.57
C J Jordan,"RCB, SUN, KXI, CSK, MIN",34,81,8.10,30,35.67
A S Joseph,"MIN, GTI, RCB",22,27,27.00,21,32.90
S Joseph,LSG,1,0,,0,
S B Joshi,RCB,4,6,3.00,1,82.00
M C Juneja,DDV,7,125,17.86,0,
D C Jurel,RRO,58,1195,31.45,0,
M Kaif,"RRO, KXI, RCB",29,259,14.39,0,
J H Kallis,"RCB, KKR",98,2427,28.55,65,35.28
H K S R Kaluhalamulla,CSK,8,2,2.00,6,37.17
D Kalyankrishna,DCH,3,3,3.00,2,43.50
Kamran Akmal,RRO,6,128,25.60,0,
Kamran Khan,"RRO, PWI",9,3,3.00,9,23.78
C K Kapugedera,CSK,5,16,5.33,0,
Karanveer Singh,KXI,9,12,12.00,12,26.75
Karim Janat,GTI,1,0,,0,
K D Karthik,"DDV, KXI, MIN, RCB, GUJ, KKR",257,4842,26.32,0,
M Kartik,"KKR, PWI, RCB, KXI",56,113,16.14,31,44.77
Kartik Tyagi,"RRO, SUN, GTI, KKR",34,24,3.43,33,36.70
S M Katich,KXI,11,241,24.10,0,
S Kaul,"DDV, SUN, RCB",55,20,5.00,58,29.98
U Kaul,KXI,5,0,,0,
S Kaushik,GUJ,10,0,0.00,6,49.50
V Kaverappa,KXI,1,0,,2,18.00
A A Kazi,RCB,1,0,,0,
J M Kemp,CSK,5,26,13.00,3,18.00
M Khan,KXI,1,0,0.00,1,27.00
S N Khan,"RCB, KXI, DDV, CSK",58,746,22.61,0,
Z Khan,"RCB, MIN, DDV",100,117,8.36,102,27.27
U T Khawaja,RPS,6,127,21.17,0,
K Khejroliya,"RCB, KKR, GTI",9,0,,6,46.17
M Khote,MIN,4,24,12.00,2,25.50
R S Kishore,GTI,28,18,4.50,33,21.12
H Klaasen,"RRO, RCB, SUN",64,2104,42.08,0,
M Klinger,KTK,4,73,18.25,0,
T S Kohli,"RRO, KXI",4,11,3.67,0,
V Kohli,RCB,283,9336,40.42,4,92.00
T K Kotian,RRO,1,24,24.00,0,
Krish Bhagat,MIN,3,10,10.00,0,
S C Kuggeleijn,CSK,2,0,,2,35.50
K M D N Kulasekara,CSK,6,5,,5,24.00
Kuldeep Yadav,"KKR, DDV",110,210,11.67,112,27.95
D S Kulkarni,"MIN, RRO, GUJ",92,104,11.56,86,28.77
A Kumar,MIN,10,1,,17,19.65
B Kumar,"PWI, SUN, RCB",206,354,9.32,226,26.16
M Kumar,DDV,42,10,10.00,42,34.64
P Kumar,"RCB, KXI, MIN, SUN, GUJ",119,340,8.95,90,36.12
S Kumar,SUN,13,53,8.83,9,41.67
Kumar Kartikeya,"MIN, RRO",16,12,3.00,12,33.92
Kumar Kushagra,"DDV, GTI",5,21,5.25,0,
A Kumble,RCB,42,35,11.67,45,23.51
Kunal Singh Rathore,RRO,1,0,0.00,0,
S D Lad,MIN,1,15,15.00,0,
S Ladda,"DDV, KKR, GUJ",9,0,0.00,5,44.80
Lalit Yadav,DDV,27,305,19.06,10,42.50
S Lamichhane,DDV,9,0,0.00,13,22.46
C K Langeveldt,"KKR, RCB",7,8,4.00,13,14.38
V V S Laxman,"DCH, KTK",20,282,15.67,0,
B Lee,"KXI, KKR",38,124,12.40,25,43.80
D S Lehmann,RRO,2,18,9.00,0,
R E Levi,MIN,6,83,13.83,0,
E Lewis,"MIN, RRO, LSG",27,654,27.25,0,
L G Lhuan- dre Pretorius,RRO,2,7,3.50,0,
G F Linde,LSG,3,31,10.33,1,55.00
J B Little,GTI,11,0,,11,30.82
Litton Das,KKR,1,4,4.00,0,
L S Livingstone,"RRO, KXI, RCB, SUN",51,1066,25.38,13,36.08
M K Lomror,"RRO, RCB",40,527,18.17,1,127.00
M J Lumb,"RRO, DCH",12,278,23.17,0,
C A Lynn,"DCH, KKR, MIN",42,1329,34.08,0,
C Madan,MIN,1,15,15.00,0,
N J Maddinson,RCB,3,20,6.67,0,
A Madhwal,"MIN, RRO",17,8,,23,25.65
L D Madushanka,SUN,1,0,,1,36.00
S S B Magala,CSK,2,0,,1,51.00
K A Maharaj,RRO,2,1,1.00,2,19.50
M F Maharoof,DDV,20,177,17.70,27,19.26
V Y Mahesh,"DDV, CSK",18,15,7.50,21,23.76
A P Majumdar,PWI,4,87,21.75,0,
D J Malan,KXI,1,26,26.00,0,
I Malhotra,DCH,1,7,,0,
V S Malik,"KXI, RRO",13,7,7.00,6,43.50
S L Malinga,MIN,122,88,5.50,170,19.85
Manav Suthar,GTI,5,1,1.00,2,47.00
Mandeep Singh,"KKR, KXI, RCB, DDV",111,1706,20.80,0,
M Manhas,"DDV, PWI, CSK",55,514,22.35,0,
P N Mankad,"KXI, LSG",6,97,32.33,0,
A Manohar,"GTI, SUN",27,292,15.37,0,
K T Maphaka,"MIN, RRO",4,8,,2,71.50
M Markande,"MIN, RRO, SUN",40,48,16.00,37,30.95
A K Markram,"KXI, SUN, LSG",69,1671,30.38,6,59.50
M R Marsh,"DCH, PWI, RPS, SUN, DDV, LSG",68,1856,30.93,37,21.49
S E Marsh,KXI,71,2477,39.95,0,
D R Martyn,RRO,1,19,19.00,0,
A D Mascarenhas,"RRO, KXI",13,79,8.78,19,18.74
Mashrafe Mortaza,KKR,1,2,,0,
A D Mathews,"KKR, PWI, DDV",49,724,23.35,27,39.96
G J Maxwell,"DDV, MIN, KXI, RCB",141,2819,23.89,41,34.46
Mayank Yadav,LSG,10,5,5.00,9,40.78
K R Mayers,LSG,13,379,29.15,0,
M J McClenaghan,MIN,56,91,7.00,71,25.39
O C McCoy,RRO,8,8,8.00,11,22.73
B B McCullum,"KKR, KTK, CSK, GUJ, RCB",109,2880,27.69,0,
N L McCullum,PWI,2,26,26.00,0,
